{
  "original": {
    "name": "Original Configuration",
    "description": "Default LAEF trading configuration",
    "created": "2025-07-29T03:15:36.126557",
    "engine_info": {
      "engine_type": "dual_model_engine",
      "engine_name": "LAEF Dual-Model Trading Engine",
      "engine_description": "Q-Learning + ML confidence dual model system",
      "engine_version": "2.0"
    },
    "trading_thresholds": {
      "q_buy": 0.4,
      "q_sell": 0.2,
      "ml_profit_peak": 0.4,
      "rsi_oversold": 20,
      "rsi_overbought": 80,
      "sell_profit_pct": 0.04,
      "stop_loss_pct": 0.93
    },
    "risk_management": {
      "initial_cash": 100000,
      "max_risk_per_trade": 0.025,
      "max_position_size": 0.15,
      "cooldown_minutes": 2
    },
    "backtest_settings": {
      "start_date": "2023-01-01",
      "end_date": "2024-12-31"
    }
  },
  "Aggressive_Bot": {
    "name": "Aggressive Bot",
    "description": "Higher risk, day trades, more volatile",
    "created": "2025-07-29T03:16:06.637835",
    "engine_info": {
      "engine_type": "dual_model_engine",
      "engine_name": "LAEF Dual-Model Trading Engine",
      "engine_description": "Q-Learning + ML confidence dual model system",
      "engine_version": "2.0"
    },
    "trading_thresholds": {
      "q_buy": 0.4,
      "q_sell": 0.2,
      "ml_profit_peak": 0.4,
      "rsi_oversold": 20,
      "rsi_overbought": 80,
      "sell_profit_pct": 0.08,
      "stop_loss_pct": 0.99
    },
    "risk_management": {
      "initial_cash": 100000,
      "max_risk_per_trade": 1.0,
      "max_position_size": 0.25,
      "cooldown_minutes": 2
    },
    "backtest_settings": {
      "start_date": "2023-01-01",
      "end_date": "2024-12-31"
    }
  },
  "optimized": {
    "name": "Profit-Optimized Configuration",
    "description": "Configuration optimized for maximum profit based on backtest analysis",
    "created": "2025-07-30T00:37:40.204798",
    "engine_info": {
      "engine_type": "dual_model_engine",
      "engine_name": "LAEF Dual-Model Trading Engine (Optimized)",
      "engine_description": "Optimized Q-Learning + ML confidence dual model system",
      "engine_version": "2.0"
    },
    "trading_thresholds": {
      "q_buy": 0.55,
      "q_sell": 0.35,
      "ml_profit_peak": 0.55,
      "rsi_oversold": 30,
      "rsi_overbought": 60,
      "sell_profit_pct": 0.07,
      "stop_loss_pct": 0.96
    },
    "risk_management": {
      "initial_cash": 100000,
      "max_risk_per_trade": 0.025,
      "max_position_size": 0.15,
      "cooldown_minutes": 2
    },
    "backtest_settings": {
      "start_date": "2023-01-01",
      "end_date": "2024-12-31"
    },
    "performance_data": {
      "expected_improvement": "$45,139.41",
      "optimization_date": "2025-07-30T00:37:40.204798",
      "tested_configurations": 6912,
      "optimization_method": "dual_model_counterfactual"
    }
  }
}