{
  "name": "Aggressive Trading",
  "description": "Less restrictive thresholds to enable more trading opportunities",
  "thresholds": {
    "q_buy": 0.15,
    "q_sell": 0.10,
    "ml_profit_peak": 0.15,
    "momentum_multiplier": 1.2,
    "momentum_threshold": 0.5,
    "momentum_acceleration_min": 0.1,
    "micro_profit_target": 0.10,
    "micro_stop_loss": 0.10,
    "trailing_micro_stop": 0.05,
    "volume_confirmation_min": 1.1,
    "volume_spike_bonus": 0.15,
    "max_hold_minutes": 60,
    "cooldown_seconds": 20,
    "ai_scalp_position_pct": 0.05,
    "max_concurrent_scalps": 6,
    "rsi_oversold": 30,
    "rsi_overbought": 70
  }
}