{
  "original": {
    "name": "Original Configuration",
    "description": "Default LAEF trading configuration",
    "created": "2025-07-27T21:05:46.780016",
    "trading_thresholds": {
      "q_buy": 0.55,
      "q_sell": 0.35,
      "ml_profit_peak": 0.55,
      "rsi_oversold": 30,
      "rsi_overbought": 60,
      "sell_profit_pct": 0.06,
      "stop_loss_pct": 0.97
    },
    "risk_management": {
      "initial_cash": 100000,
      "max_risk_per_trade": 0.025,
      "max_position_size": 0.15,
      "cooldown_minutes": 2
    },
    "backtest_settings": {
      "start_date": "2023-01-01",
      "end_date": "2024-12-31"
    }
  },
  "optimized": {
    "name": "Profit-Optimized Configuration",
    "description": "Configuration optimized for maximum profit based on backtest analysis",
    "created": "2025-07-27T21:25:55.534103",
    "trading_thresholds": {
      "q_buy": 0.55,
      "q_sell": 0.35,
      "ml_profit_peak": 0.55,
      "rsi_oversold": 30,
      "rsi_overbought": 60,
      "sell_profit_pct": 0.04,
      "stop_loss_pct": 0.96
    },
    "risk_management": {
      "initial_cash": 100000,
      "max_risk_per_trade": 0.025,
      "max_position_size": 0.15,
      "cooldown_minutes": 2
    },
    "backtest_settings": {
      "start_date": "2023-01-01",
      "end_date": "2024-12-31"
    },
    "performance_data": {
      "expected_improvement": "$48,312.98",
      "optimization_date": "2025-07-27T21:25:55.534103",
      "tested_configurations": 6912,
      "optimization_method": "dual_model_counterfactual"
    }
  },
  "custom": {
    "name": "Custom Configuration",
    "description": "User-defined trading configuration",
    "created": "2025-07-27T21:34:22.454054",
    "trading_thresholds": {
      "q_buy": 0.52,
      "q_sell": 0.42,
      "ml_profit_peak": 0.55,
      "rsi_oversold": 30,
      "rsi_overbought": 60,
      "sell_profit_pct": 0.07,
      "stop_loss_pct": 1.04
    },
    "risk_management": {
      "initial_cash": 100000,
      "max_risk_per_trade": 0.05,
      "max_position_size": 0.2,
      "cooldown_minutes": 2
    },
    "backtest_settings": {
      "start_date": "2023-01-01",
      "end_date": "2024-12-31"
    }
  }
}