{
  "name": "Higher Stop Loss",
  "description": "Custom trading configuration created on 2025-07-31",
  "created": "2025-07-31T17:31:25.291751",
  "engine_info": {
    "engine_type": "dual_model_engine",
    "engine_name": "LAEF Dual-Model Trading Engine",
    "engine_description": "Q-Learning + ML confidence dual model system",
    "engine_version": "2.0"
  },
  "trading_thresholds": {
    "q_buy": 0.4,
    "q_sell": 0.2,
    "ml_profit_peak": 0.51,
    "rsi_oversold": 20,
    "rsi_overbought": 80,
    "sell_profit_pct": 0.1,
    "stop_loss_pct": 0.92
  },
  "risk_management": {
    "initial_cash": 100000,
    "max_risk_per_trade": 0.05,
    "max_position_size": 0.2,
    "cooldown_minutes": 2
  },
  "backtest_settings": {
    "start_date": "2023-01-01",
    "end_date": "2024-12-31"
  }
}